{
  "wiki/overview.md": 1781082312.6628158,
  "wiki/onboarding.md": 1781585292.0185134,
  "wiki/customers/sequoia-heritage.md": 1777966419.1922522,
  "wiki/customers/accolade.md": 1778560514.37546,
  "wiki/customers/neuberger-berman.md": 1777966419.2386222,
  "wiki/customers/proskauer.md": 1777966419.2870643,
  "wiki/customers/nxstep.md": 1778561262.8393252,
  "wiki/customers/antler.md": 1777966419.3341975,
  "wiki/customers/clearlake.md": 1777966419.383336,
  "wiki/customers/hg-capital.md": 1777966419.4336264,
  "wiki/customers/oakley.md": 1777966419.4842079,
  "wiki/customers/blackstone.md": 1777966419.5319521,
  "wiki/customers/kkr.md": 1777966419.5802636,
  "wiki/customers/eqt.md": 1777966419.6268334,
  "wiki/customers/stone-ridge.md": 1777966419.6799521,
  "wiki/customers/cerity-partners.md": 1779813486.9665916,
  "wiki/customers/pag.md": 1777966419.727168,
  "wiki/customers/atalaya.md": 1777966419.7743807,
  "wiki/customers/audax.md": 1777966419.8217032,
  "wiki/products/engagement-hub.md": 1781591044.1850257,
  "wiki/products/integration-hub.md": 1781082312.6634362,
  "wiki/products/investor-data-management.md": 1781082312.6638734,
  "wiki/products/investor-access.md": 1781585292.0194557,
  "wiki/products/platform.md": 1781082312.6645958,
  "wiki/products/data-room.md": 1778560502.9505808,
  "wiki/products/ocr-data-extraction.md": 1778472114.188236,
  "wiki/products/investor-portal.md": 1781082312.664146,
  "wiki/products/fundsub.md": 1780991330.097252,
  "wiki/products/aaa.md": 1781585292.019009,
  "wiki/products/side-letter.md": 1781082312.66489,
  "wiki/products/e-signature.md": 1780991330.096964,
  "wiki/products/landing-page.md": 1781591046.4929094,
  "wiki/features/engagement-hub-branded-landing-pages.md": 1781591045.5348644,
  "wiki/concepts/configuration-vs-permission.md": 1777966420.5169446,
  "wiki/concepts/product-packaging-bundling.md": 1781082312.6621685,
  "wiki/concepts/import-export-templates.md": 1777966420.5657704,
  "wiki/concepts/qes-aes-compliance.md": 1780991330.0962458,
  "wiki/concepts/integration-patterns.md": 1777966420.6132376,
  "wiki/concepts/data-mapping.md": 1777966420.6829329,
  "wiki/concepts/investor-onboarding-workflow.md": 1777966420.7417321,
  "wiki/concepts/crm-integration-playbook.md": 1777966420.792458,
  "wiki/concepts/user-roles.md": 1777966420.8403482,
  "wiki/concepts/anduin-object-model.md": 1777966420.8920717,
  "wiki/analyses/investor-portal-vs-integration-hub.md": 1780991330.095489,
  "wiki/analyses/query-answering-karpathy-method.md": 1781082312.6618347,
  "wiki/sources/ih-sales-deck-feb-2025.md": 1777966420.9407566,
  "wiki/sources/ocr-managed-services-sales-deck.md": 1778471789.8508122,
  "wiki/sources/esignature-reuse-signature-pages.md": 1780991330.0984857,
  "wiki/sources/aaa-cs-training.md": 1781585292.0200126,
  "wiki/sources/ocr-pricing-guide.md": 1778471765.1599329,
  "wiki/sources/ocr-new-ux-overview.md": 1778471882.0047514,
  "wiki/sources/aaa-advisor-tags.md": 1781585292.0197465,
  "wiki/sources/investor-portal-customer-training-guide.md": 1780991330.099788,
  "wiki/sources/idm-release-notes.md": 1778471494.6950064,
  "wiki/sources/retrieve-subscription-data.md": 1777966420.9916763,
  "wiki/sources/neuberger-berman-case-study.md": 1777966421.0422091,
  "wiki/sources/aaa-sales-deck.md": 1781585292.0209532,
  "wiki/sources/aaa-product-brief.md": 1781585292.020659,
  "wiki/sources/fundsub-dataroom-theme-customization.md": 1778475177.0225592,
  "wiki/sources/fundsub-email-smtp-implementation-guide.md": 1778561188.6961665,
  "wiki/sources/configuration-vs-permission.md": 1777966421.0948048,
  "wiki/sources/ih-salesforce-dataroom-implementation-guide.md": 1778489475.8521762,
  "wiki/sources/ih-intro-overview.md": 1778472838.5252652,
  "wiki/sources/ih-sop.md": 1778472839.2121131,
  "wiki/sources/data-room-multi-group-training-video.md": 1778489474.203044,
  "wiki/sources/ih-implementation-guide-pdf.md": 1777966421.14802,
  "wiki/sources/data-room-api-implementation-guide.md": 1779812971.0355237,
  "wiki/sources/fundsub-duplicate-fund-config.md": 1778561166.1778612,
  "wiki/sources/engagement-hub-one-pager.md": 1781082312.6650937,
  "wiki/sources/investor-portal-training-materials.md": 1780991330.1013288,
  "wiki/sources/automated-onboarding-fundsub-primary.md": 1777966421.202879,
  "wiki/sources/data-room-faq.md": 1778489471.7963808,
  "wiki/sources/ocr-implementation-journey.md": 1778471758.6104264,
  "wiki/sources/engagement-hub-naming-history-slack.md": 1781590999.1791604,
  "wiki/sources/investor-portal-gtm-primer.md": 1780991330.0999796,
  "wiki/sources/investor-portal-prerelease-training-boston.md": 1780991330.100161,
  "wiki/sources/idm-feature-documentation.md": 1778471482.704655,
  "wiki/sources/ih-knowledge-hub.md": 1778472839.9591842,
  "wiki/sources/mission-and-core-components.md": 1777966421.2502618,
  "wiki/sources/data-management.md": 1777966421.3039591,
  "wiki/sources/anduin-investor-guide-may-2025.md": 1780991330.0977752,
  "wiki/sources/esignature-whitepaper.md": 1780991330.098892,
  "wiki/sources/esignature-schwab-implementation-guide.md": 1779813111.3502023,
  "wiki/sources/idm-release-notes-sprint-362.md": 1778471510.7082353,
  "wiki/sources/investor-portal-product-overview.md": 1780991330.1006367,
  "wiki/sources/investor-onboarding-primary-collaborators.md": 1777966421.352913,
  "wiki/sources/esignature-schwab-cerity-training.md": 1779812976.1582212,
  "wiki/sources/ih-implementation-guide.md": 1777966421.4004865,
  "wiki/sources/ocr-implementation-guide.md": 1778471753.1169097,
  "wiki/sources/data-room-demo-sandbox-guide.md": 1778489475.058328,
  "wiki/sources/investor-portal-sales-deck.md": 1781082312.6656914,
  "wiki/sources/fundsub-essentials-sales-deck.md": 1778561216.6089623,
  "wiki/sources/fundsub-primary-vs-collaborator.md": 1780991330.0992563,
  "wiki/sources/ocr-data-extraction-sales-deck.md": 1778471790.6398563,
  "wiki/sources/ih-setup-guide.md": 1778472840.6270478,
  "wiki/sources/engagement-hub-product-overview.md": 1781082312.6654449,
  "wiki/sources/automated-data-room-insights.md": 1777966421.4483202,
  "wiki/sources/idm-client-training.md": 1778471488.0946293,
  "wiki/sources/engagement-hub-pricing.md": 1781082312.6652577,
  "wiki/sources/ocr-fundsub-process-client-training.md": 1778471808.6889377,
  "wiki/sources/fundsub-new-lp-view-one-pager.md": 1778475172.499732,
  "wiki/sources/idm-implementation-guide.md": 1778471483.604073,
  "wiki/sources/aaa-gtm-training.md": 1781585292.0203145,
  "wiki/sources/investor-access-faq.md": 1781585292.0215583,
  "wiki/sources/ocr-security-whitepaper-human-augmented.md": 1778471800.1772456,
  "wiki/sources/idm-fundsub-investor-onboarding-may-2025.md": 1778471529.5509253,
  "wiki/sources/esignature-docusign-qes-faq.md": 1780991330.098082,
  "wiki/sources/idm-gtm-training.md": 1778471486.9404645,
  "wiki/sources/ocr-table-view-how-it-works.md": 1778471814.258848,
  "wiki/sources/ocr-security-whitepaper-textract.md": 1778471793.367929,
  "wiki/sources/esignature-docusign-sales-deck.md": 1780991330.0983026,
  "wiki/sources/ih-salesforce-dataroom-release-notes.md": 1778489475.449354,
  "wiki/sources/idm-sales-brochure.md": 1778471512.6678262,
  "wiki/sources/ocr-gtm-training.md": 1778471773.946984,
  "wiki/sources/fundsub-one-envelope-experience.md": 1778561240.340612,
  "wiki/sources/automated-document-repository.md": 1777966421.5002573,
  "wiki/sources/aaa-user-guide.md": 1781585292.0212195,
  "wiki/sources/data-room-system-limits.md": 1778489474.6176922,
  "wiki/sources/user-role.md": 1777966421.5488238,
  "wiki/sources/esignature-sample-signed-documents.md": 1780991330.0986714,
  "wiki/sources/investor-portal-rfp.md": 1780991330.1008246,
  "wiki/sources/aaa-advisor-subscription-assign.md": 1778475177.841,
  "wiki/sources/fundsub-investor-email-support.md": 1780991330.0990815,
  "wiki/sources/data-room-brochure-v2.md": 1778560497.7050743,